{"cameraMode":{"drawMode":0,"name":"Shaded","section":"Shading Mode"},"sceneLighting":true,"audioPlay":false,"sceneViewState":{"showFog":true,"showMaterialUpdate":false,"showSkybox":true,"showFlares":true,"showImageEffects":true,"showParticleSystems":true},"in2DMode":false,"pivot":{"x":6.416567802429199,"y":-0.33127927780151369,"z":-0.9205846786499023},"rotation":{"x":-0.1391187608242035,"y":-0.8309994339942932,"z":0.2396896779537201,"w":-0.4823223054409027},"size":8.765968322753907,"orthographic":false}